parent_theme_name,decade,rgb,color_name,part_quantity
Castle,1970s,0055BF,Blue,48.0
Castle,1970s,05131D,Black,136.0
Castle,1970s,237841,Green,7.0
Castle,1970s,583927,Brown,5.0
Castle,1970s,6D6E5C,Dark Gray,2.0
Castle,1970s,9BA19D,Light Gray,125.0
Castle,1970s,C91A09,Red,78.0
Castle,1970s,F2CD37,Yellow,554.0
Castle,1970s,FFFFFF,White,79.0
Castle,1980s,0055BF,Blue,287.0
Castle,1980s,05131D,Black,1822.0
Castle,1980s,237841,Green,166.0
Castle,1980s,583927,Brown,275.0
Castle,1980s,6D6E5C,Dark Gray,135.0
Castle,1980s,9BA19D,Light Gray,2109.0
Castle,1980s,C91A09,Red,447.0
Castle,1980s,F2CD37,Yellow,864.0
Castle,1980s,FFFFFF,White,201.0
Castle,1990s,0020A0,Trans-Dark Blue,13.0
Castle,1990s,0055BF,Blue,300.0
Castle,1990s,05131D,Black,2119.0
Castle,1990s,237841,Green,146.0
Castle,1990s,583927,Brown,417.0
Castle,1990s,6D6E5C,Dark Gray,290.0
Castle,1990s,84B68D,Trans-Green,15.0
Castle,1990s,9BA19D,Light Gray,1918.0
Castle,1990s,BBA53D,Chrome Gold,3.0
Castle,1990s,C91A09,Red,484.0
Castle,1990s,C91A09,Trans-Red,39.0
Castle,1990s,D4D5C9,Glow In Dark Opaque,7.0
Castle,1990s,E0E0E0,Chrome Silver,14.0
Castle,1990s,F2CD37,Yellow,331.0
Castle,1990s,F5CD2F,Trans-Yellow,48.0
Castle,1990s,FCFCFC,Trans-Clear,11.0
Castle,1990s,FF800D,Trans-Neon Orange,47.0
Castle,1990s,FFFFFF,White,199.0
Castle,2000s,000000,Speckle Black-Copper,7.0
Castle,2000s,000000,Speckle Black-Silver,77.0
Castle,2000s,0020A0,Trans-Dark Blue,9.0
Castle,2000s,0055BF,Blue,374.0
Castle,2000s,05131D,Black,3780.0
Castle,2000s,05131D,[No Color],39.0
Castle,2000s,0A3463,Dark Blue,212.0
Castle,2000s,184632,Dark Green,164.0
Castle,2000s,237841,Green,228.0
Castle,2000s,352100,Dark Brown,256.0
Castle,2000s,3F3691,Dark Purple,100.0
Castle,2000s,4B9F4A,Bright Green,6.0
Castle,2000s,4C61DB,Royal Blue,67.0
Castle,2000s,575857,Pearl Dark Gray,6.0
Castle,2000s,582A12,Reddish Brown,1636.0
Castle,2000s,583927,Brown,177.0
Castle,2000s,5A93DB,Medium Blue,291.0
Castle,2000s,6074A1,Sand Blue,50.0
Castle,2000s,635F61,Speckle DBGray-Silver,11.0
Castle,2000s,6874CA,Blue-Violet,175.0
Castle,2000s,6C6E68,Dark Bluish Gray,2300.0
Castle,2000s,6C96BF,Chrome Blue,1.0
Castle,2000s,6D6E5C,Dark Gray,309.0
Castle,2000s,720E0F,Dark Red,549.0
Castle,2000s,7988A1,Metal Blue,15.0
Castle,2000s,7C503A,Dark Flesh,2.0
Castle,2000s,84B68D,Trans-Green,20.0
Castle,2000s,898788,Flat Silver,29.0
Castle,2000s,958A73,Dark Tan,126.0
Castle,2000s,9BA19D,Light Gray,751.0
Castle,2000s,9CA3A8,Pearl Light Gray,341.0
Castle,2000s,A0A5A9,Light Bluish Gray,3095.0
Castle,2000s,A0BCAC,Sand Green,57.0
Castle,2000s,A5A9B4,Metallic Silver,59.0
Castle,2000s,A95500,Dark Orange,20.0
Castle,2000s,AA7F2E,Pearl Gold,203.0
Castle,2000s,AE7A59,Copper,50.0
Castle,2000s,AEEFEC,Trans-Light Blue,9.0
Castle,2000s,B48455,Flat Dark Gold,27.0
Castle,2000s,BBA53D,Chrome Gold,62.0
Castle,2000s,BDC6AD,Glow In Dark Trans,1.0
Castle,2000s,C870A0,Dark Pink,4.0
Castle,2000s,C91A09,Red,538.0
Castle,2000s,C91A09,Trans-Red,28.0
Castle,2000s,CFE2F7,Trans-Medium Blue,1.0
Castle,2000s,D4D5C9,Glow In Dark Opaque,2.0
Castle,2000s,DBAC34,Metallic Gold,19.0
Castle,2000s,DCBC81,Pearl Light Gold,3.0
Castle,2000s,E0E0E0,Chrome Silver,20.0
Castle,2000s,E4ADC8,Bright Pink,2.0
Castle,2000s,E4CD9E,Tan,461.0
Castle,2000s,E6E3E0,Very Light Bluish Gray,46.0
Castle,2000s,F08F1C,Trans-Orange,13.0
Castle,2000s,F2CD37,Yellow,263.0
Castle,2000s,F5CD2F,Trans-Yellow,15.0
Castle,2000s,F8BB3D,Bright Light Orange,11.0
Castle,2000s,F8F184,Trans-Neon Green,6.0
Castle,2000s,FA9C1C,Earth Orange,2.0
Castle,2000s,FCFCFC,Trans-Clear,55.0
Castle,2000s,FE8A18,Orange,5.0
Castle,2000s,FF800D,Trans-Neon Orange,201.0
Castle,2000s,FFFFFF,White,786.0
Castle,2010s,0020A0,Trans-Dark Blue,3.0
Castle,2010s,0055BF,Blue,13.0
Castle,2010s,05131D,Black,477.0
Castle,2010s,05131D,[No Color],1.0
Castle,2010s,0A3463,Dark Blue,2.0
Castle,2010s,184632,Dark Green,134.0
Castle,2010s,237841,Green,46.0
Castle,2010s,352100,Dark Brown,146.0
Castle,2010s,4B9F4A,Bright Green,6.0
Castle,2010s,575857,Pearl Dark Gray,57.0
Castle,2010s,582A12,Reddish Brown,1003.0
Castle,2010s,5A93DB,Medium Blue,2.0
Castle,2010s,6074A1,Sand Blue,14.0
Castle,2010s,635F52,Trans-Black,3.0
Castle,2010s,6C6E68,Dark Bluish Gray,698.0
Castle,2010s,720E0F,Dark Red,25.0
Castle,2010s,84B68D,Trans-Green,6.0
Castle,2010s,898788,Flat Silver,22.0
Castle,2010s,958A73,Dark Tan,98.0
Castle,2010s,9CA3A8,Pearl Light Gray,26.0
Castle,2010s,A0A5A9,Light Bluish Gray,1092.0
Castle,2010s,A0BCAC,Sand Green,3.0
Castle,2010s,A5A9B4,Metallic Silver,33.0
Castle,2010s,A95500,Dark Orange,16.0
Castle,2010s,AA7F2E,Pearl Gold,139.0
Castle,2010s,BBA53D,Chrome Gold,8.0
Castle,2010s,BBE90B,Lime,5.0
Castle,2010s,C870A0,Dark Pink,6.0
Castle,2010s,C91A09,Red,288.0
Castle,2010s,C91A09,Trans-Red,18.0
Castle,2010s,CC702A,Medium Dark Flesh,2.0
Castle,2010s,D09168,Flesh,1.0
Castle,2010s,DBAC34,Metallic Gold,5.0
Castle,2010s,E0E0E0,Chrome Silver,1.0
Castle,2010s,E4CD9E,Tan,84.0
Castle,2010s,F08F1C,Trans-Orange,13.0
Castle,2010s,F2CD37,Yellow,105.0
Castle,2010s,F5CD2F,Trans-Yellow,12.0
Castle,2010s,F8BB3D,Bright Light Orange,7.0
Castle,2010s,FA9C1C,Earth Orange,1.0
Castle,2010s,FF800D,Trans-Neon Orange,36.0
Castle,2010s,FFFFFF,White,118.0
City,1990s,0020A0,Trans-Dark Blue,2.0
City,1990s,0055BF,Blue,4.0
City,1990s,05131D,Black,1.0
City,1990s,AEEFEC,Trans-Light Blue,3.0
City,1990s,C91A09,Trans-Red,1.0
City,1990s,F2CD37,Yellow,1.0
City,1990s,F5CD2F,Trans-Yellow,1.0
City,1990s,FFFFFF,White,6.0
City,2000s,0020A0,Trans-Dark Blue,344.0
City,2000s,0055BF,Blue,1198.0
City,2000s,05131D,Black,4039.0
City,2000s,05131D,[No Color],36.0
City,2000s,0A3463,Dark Blue,12.0
City,2000s,237841,Green,482.0
City,2000s,352100,Dark Brown,1.0
City,2000s,4B9F4A,Bright Green,2.0
City,2000s,582A12,Reddish Brown,152.0
City,2000s,583927,Brown,2.0
City,2000s,5A93DB,Medium Blue,13.0
City,2000s,6074A1,Sand Blue,1.0
City,2000s,635F52,Trans-Black,364.0
City,2000s,6C6E68,Dark Bluish Gray,3253.0
City,2000s,6D6E5C,Dark Gray,1.0
City,2000s,720E0F,Dark Red,9.0
City,2000s,84B68D,Trans-Green,97.0
City,2000s,898788,Flat Silver,5.0
City,2000s,9BA19D,Light Gray,3.0
City,2000s,9CA3A8,Pearl Light Gray,18.0
City,2000s,A0A5A9,Light Bluish Gray,3055.0
City,2000s,A5A9B4,Metallic Silver,13.0
City,2000s,A95500,Dark Orange,2.0
City,2000s,AEEFEC,Trans-Light Blue,202.0
City,2000s,BBE90B,Lime,35.0
City,2000s,C91A09,Red,2018.0
City,2000s,C91A09,Trans-Red,397.0
City,2000s,E4ADC8,Bright Pink,3.0
City,2000s,E4CD9E,Tan,209.0
City,2000s,F08F1C,Trans-Orange,249.0
City,2000s,F2CD37,Yellow,2400.0
City,2000s,F5CD2F,Trans-Yellow,375.0
City,2000s,F8BB3D,Bright Light Orange,1.0
City,2000s,F8F184,Trans-Neon Green,11.0
City,2000s,FCFCFC,Trans-Clear,195.0
City,2000s,FE8A18,Orange,499.0
City,2000s,FF800D,Trans-Neon Orange,3.0
City,2000s,FFFFFF,White,4665.0
City,2010s,0020A0,Trans-Dark Blue,794.0
City,2010s,0055BF,Blue,3069.0
City,2010s,05131D,Black,8074.0
City,2010s,05131D,[No Color],47.0
City,2010s,078BC9,Dark Azure,5.0
City,2010s,0A3463,Dark Blue,502.0
City,2010s,184632,Dark Green,80.0
City,2010s,237841,Green,1026.0
City,2010s,352100,Dark Brown,42.0
City,2010s,36AEBF,Medium Azure,4.0
City,2010s,3F3691,Dark Purple,2.0
City,2010s,4B9F4A,Bright Green,67.0
City,2010s,575857,Pearl Dark Gray,13.0
City,2010s,582A12,Reddish Brown,994.0
City,2010s,5A93DB,Medium Blue,61.0
City,2010s,6074A1,Sand Blue,23.0
City,2010s,635F52,Trans-Black,593.0
City,2010s,6C6E68,Dark Bluish Gray,6826.0
City,2010s,6D6E5C,Dark Gray,2.0
City,2010s,720E0F,Dark Red,280.0
City,2010s,84B68D,Trans-Green,188.0
City,2010s,898788,Flat Silver,130.0
City,2010s,958A73,Dark Tan,341.0
City,2010s,9B9A5A,Olive Green,31.0
City,2010s,9BA19D,Light Gray,1.0
City,2010s,9CA3A8,Pearl Light Gray,2.0
City,2010s,9FC3E9,Bright Light Blue,26.0
City,2010s,A0A5A9,Light Bluish Gray,8793.0
City,2010s,A0BCAC,Sand Green,2.0
City,2010s,A5A9B4,Metallic Silver,32.0
City,2010s,A95500,Dark Orange,51.0
City,2010s,AA7F2E,Pearl Gold,63.0
City,2010s,AEEFEC,Trans-Light Blue,931.0
City,2010s,BBE90B,Lime,184.0
City,2010s,C91A09,Red,4204.0
City,2010s,C91A09,Trans-Red,899.0
City,2010s,CC702A,Medium Dark Flesh,183.0
City,2010s,CFE2F7,Trans-Medium Blue,2.0
City,2010s,D09168,Flesh,5.0
City,2010s,D9D9D9,Glow in Dark White,4.0
City,2010s,DBAC34,Metallic Gold,37.0
City,2010s,E0E0E0,Chrome Silver,28.0
City,2010s,E4CD9E,Tan,716.0
City,2010s,F08F1C,Trans-Orange,593.0
City,2010s,F2CD37,Yellow,3991.0
City,2010s,F5CD2F,Trans-Yellow,645.0
City,2010s,F8BB3D,Bright Light Orange,131.0
City,2010s,F8F184,Trans-Neon Green,10.0
City,2010s,FCFCFC,Trans-Clear,673.0
City,2010s,FE8A18,Orange,1061.0
City,2010s,FF800D,Trans-Neon Orange,3.0
City,2010s,FFF03A,Bright Light Yellow,1.0
City,2010s,FFFFFF,White,8216.0
Classic Town,1970s,0020A0,Trans-Dark Blue,38.0
Classic Town,1970s,0055BF,Blue,227.0
Classic Town,1970s,05131D,Black,1057.0
Classic Town,1970s,05131D,[No Color],8.0
Classic Town,1970s,237841,Green,77.0
Classic Town,1970s,583927,Brown,7.0
Classic Town,1970s,6D6E5C,Dark Gray,11.0
Classic Town,1970s,84B68D,Trans-Green,6.0
Classic Town,1970s,9BA19D,Light Gray,306.0
Classic Town,1970s,C91A09,Red,1296.0
Classic Town,1970s,C91A09,Trans-Red,14.0
Classic Town,1970s,F2CD37,Yellow,801.0
Classic Town,1970s,F5CD2F,Trans-Yellow,5.0
Classic Town,1970s,FCFCFC,Trans-Clear,144.0
Classic Town,1970s,FFFFFF,Milky White,4.0
Classic Town,1970s,FFFFFF,White,1027.0
Classic Town,1980s,0020A0,Trans-Dark Blue,109.0
Classic Town,1980s,0033B2,Unknown,3.0
Classic Town,1980s,0055BF,Blue,2234.0
Classic Town,1980s,05131D,Black,4689.0
Classic Town,1980s,05131D,[No Color],37.0
Classic Town,1980s,237841,Green,207.0
Classic Town,1980s,3592C3,Maersk Blue,227.0
Classic Town,1980s,583927,Brown,59.0
Classic Town,1980s,5A93DB,Medium Blue,9.0
Classic Town,1980s,6D6E5C,Dark Gray,51.0
Classic Town,1980s,84B68D,Trans-Green,36.0
Classic Town,1980s,9BA19D,Light Gray,1243.0
Classic Town,1980s,AEEFEC,Trans-Light Blue,161.0
Classic Town,1980s,C91A09,Red,3814.0
Classic Town,1980s,C91A09,Trans-Red,379.0
Classic Town,1980s,F2CD37,Yellow,2986.0
Classic Town,1980s,F5CD2F,Trans-Yellow,384.0
Classic Town,1980s,FCFCFC,Trans-Clear,612.0
Classic Town,1980s,FFFFFF,Milky White,2.0
Classic Town,1980s,FFFFFF,White,5245.0
Classic Town,1990s,0020A0,Trans-Dark Blue,191.0
Classic Town,1990s,0055BF,Blue,1164.0
Classic Town,1990s,05131D,Black,5121.0
Classic Town,1990s,05131D,[No Color],37.0
Classic Town,1990s,237841,Green,434.0
Classic Town,1990s,3592C3,Maersk Blue,20.0
Classic Town,1990s,583927,Brown,148.0
Classic Town,1990s,5A93DB,Medium Blue,13.0
Classic Town,1990s,6D6E5C,Dark Gray,126.0
Classic Town,1990s,84B68D,Trans-Green,108.0
Classic Town,1990s,9BA19D,Light Gray,3131.0
Classic Town,1990s,AEEFEC,Trans-Light Blue,554.0
Classic Town,1990s,BBA53D,Chrome Gold,16.0
Classic Town,1990s,C870A0,Dark Pink,1.0
Classic Town,1990s,C91A09,Red,3836.0
Classic Town,1990s,C91A09,Trans-Red,534.0
Classic Town,1990s,E0E0E0,Chrome Silver,47.0
Classic Town,1990s,F2CD37,Yellow,2337.0
Classic Town,1990s,F5CD2F,Trans-Yellow,577.0
Classic Town,1990s,FC97AC,Pink,8.0
Classic Town,1990s,FCFCFC,Trans-Clear,298.0
Classic Town,1990s,FF800D,Trans-Neon Orange,21.0
Classic Town,1990s,FFFFFF,White,6743.0
Classic Town,2000s,0020A0,Trans-Dark Blue,14.0
Classic Town,2000s,0055BF,Blue,183.0
Classic Town,2000s,05131D,Black,432.0
Classic Town,2000s,05131D,[No Color],4.0
Classic Town,2000s,237841,Green,104.0
Classic Town,2000s,582A12,Reddish Brown,8.0
Classic Town,2000s,583927,Brown,15.0
Classic Town,2000s,5A93DB,Medium Blue,9.0
Classic Town,2000s,635F52,Trans-Black,1.0
Classic Town,2000s,6D6E5C,Dark Gray,29.0
Classic Town,2000s,84B68D,Trans-Green,12.0
Classic Town,2000s,9BA19D,Light Gray,167.0
Classic Town,2000s,A0A5A9,Light Bluish Gray,143.0
Classic Town,2000s,AEEFEC,Trans-Light Blue,43.0
Classic Town,2000s,C91A09,Red,398.0
Classic Town,2000s,C91A09,Trans-Red,50.0
Classic Town,2000s,E0E0E0,Chrome Silver,12.0
Classic Town,2000s,F2CD37,Yellow,310.0
Classic Town,2000s,F5CD2F,Trans-Yellow,59.0
Classic Town,2000s,F8F184,Trans-Neon Green,1.0
Classic Town,2000s,FCFCFC,Trans-Clear,56.0
Classic Town,2000s,FE8A18,Orange,17.0
Classic Town,2000s,FF800D,Trans-Neon Orange,3.0
Classic Town,2000s,FFFFFF,White,822.0
Classic Town,2010s,0020A0,Trans-Dark Blue,13.0
Classic Town,2010s,0055BF,Blue,81.0
Classic Town,2010s,05131D,Black,126.0
Classic Town,2010s,0A3463,Dark Blue,6.0
Classic Town,2010s,237841,Green,1.0
Classic Town,2010s,575857,Pearl Dark Gray,10.0
Classic Town,2010s,582A12,Reddish Brown,1.0
Classic Town,2010s,635F52,Trans-Black,5.0
Classic Town,2010s,6C6E68,Dark Bluish Gray,57.0
Classic Town,2010s,84B68D,Trans-Green,2.0
Classic Town,2010s,9FC3E9,Bright Light Blue,3.0
Classic Town,2010s,A0A5A9,Light Bluish Gray,207.0
Classic Town,2010s,A95500,Dark Orange,3.0
Classic Town,2010s,AEEFEC,Trans-Light Blue,29.0
Classic Town,2010s,C91A09,Red,30.0
Classic Town,2010s,C91A09,Trans-Red,8.0
Classic Town,2010s,CC702A,Medium Dark Flesh,1.0
Classic Town,2010s,E4CD9E,Tan,7.0
Classic Town,2010s,F08F1C,Trans-Orange,3.0
Classic Town,2010s,F2CD37,Yellow,36.0
Classic Town,2010s,F5CD2F,Trans-Yellow,13.0
Classic Town,2010s,FE8A18,Orange,1.0
Classic Town,2010s,FFFFFF,White,250.0
Model,1980s,0055BF,Blue,135.0
Model,1980s,05131D,Black,1691.0
Model,1980s,05131D,[No Color],1.0
Model,1980s,84B68D,Trans-Green,1.0
Model,1980s,9BA19D,Light Gray,2000s.0
Model,1980s,C91A09,Red,584.0
Model,1980s,C91A09,Trans-Red,8.0
Model,1980s,F2CD37,Yellow,839.0
Model,1980s,F5CD2F,Trans-Yellow,4.0
Model,1980s,FFFFFF,White,45.0
Model,1990s,0020A0,Trans-Dark Blue,6.0
Model,1990s,0055BF,Blue,431.0
Model,1990s,008F9B,Dark Turquoise,67.0
Model,1990s,05131D,Black,12401.0
Model,1990s,05131D,[No Color],32.0
Model,1990s,237841,Green,284.0
Model,1990s,6D6E5C,Dark Gray,688.0
Model,1990s,81007B,Purple,1.0
Model,1990s,84B68D,Trans-Green,9.0
Model,1990s,9BA19D,Light Gray,8701.0
Model,1990s,A5A9B4,Metallic Silver,30.0
Model,1990s,AEEFEC,Trans-Light Blue,1.0
Model,1990s,B31004,Rust,6.0
Model,1990s,C91A09,Red,1462.0
Model,1990s,C91A09,Trans-Red,60.0
Model,1990s,F2CD37,Yellow,1909.0
Model,1990s,F5CD2F,Trans-Yellow,41.0
Model,1990s,F8F184,Trans-Neon Green,5.0
Model,1990s,FCFCFC,Trans-Clear,76.0
Model,1990s,FFFFFF,Milky White,4.0
Model,1990s,FFFFFF,White,1123.0
Model,2000s,0020A0,Trans-Dark Blue,40.0
Model,2000s,0055BF,Blue,3359.0
Model,2000s,008F9B,Dark Turquoise,9.0
Model,2000s,05131D,Black,17804.0
Model,2000s,05131D,[No Color],18.0
Model,2000s,0A3463,Dark Blue,8.0
Model,2000s,184632,Dark Green,150.0
Model,2000s,237841,Green,507.0
Model,2000s,575857,Pearl Dark Gray,36.0
Model,2000s,582A12,Reddish Brown,241.0
Model,2000s,5A93DB,Medium Blue,27.0
Model,2000s,635F52,Trans-Black,46.0
Model,2000s,6C6E68,Dark Bluish Gray,4039.0
Model,2000s,6D6E5C,Dark Gray,336.0
Model,2000s,720E0F,Dark Red,278.0
Model,2000s,84B68D,Trans-Green,61.0
Model,2000s,898788,Flat Silver,125.0
Model,2000s,899B5F,Metallic Green,23.0
Model,2000s,958A73,Dark Tan,8.0
Model,2000s,9BA19D,Light Gray,2294.0
Model,2000s,9CA3A8,Pearl Light Gray,54.0
Model,2000s,A0A5A9,Light Bluish Gray,10361.0
Model,2000s,A5A9B4,Metallic Silver,158.0
Model,2000s,A95500,Dark Orange,1.0
Model,2000s,AEEFEC,Trans-Light Blue,21.0
Model,2000s,BBE90B,Lime,230.0
Model,2000s,BDC6AD,Glow In Dark Trans,2.0
Model,2000s,C91A09,Red,3817.0
Model,2000s,C91A09,Trans-Red,207.0
Model,2000s,CFE2F7,Trans-Medium Blue,4.0
Model,2000s,D4D5C9,Glow In Dark Opaque,9.0
Model,2000s,DBAC34,Metallic Gold,1.0
Model,2000s,E0E0E0,Chrome Silver,4.0
Model,2000s,E4CD9E,Tan,1290.0
Model,2000s,F08F1C,Trans-Orange,179.0
Model,2000s,F2CD37,Yellow,3464.0
Model,2000s,F5CD2F,Trans-Yellow,93.0
Model,2000s,F8BB3D,Bright Light Orange,1.0
Model,2000s,F8F184,Trans-Neon Green,38.0
Model,2000s,FCFCFC,Trans-Clear,374.0
Model,2000s,FE8A18,Orange,116.0
Model,2000s,FF800D,Trans-Neon Orange,45.0
Model,2000s,FFFFFF,White,2064.0
Model,2010s,0020A0,Trans-Dark Blue,5.0
Model,2010s,0055BF,Blue,3638.0
Model,2010s,05131D,Black,9725.0
Model,2010s,05131D,[No Color],9.0
Model,2010s,0A3463,Dark Blue,164.0
Model,2010s,184632,Dark Green,15.0
Model,2010s,237841,Green,183.0
Model,2010s,352100,Dark Brown,16.0
Model,2010s,4B9F4A,Bright Green,116.0
Model,2010s,582A12,Reddish Brown,343.0
Model,2010s,5A93DB,Medium Blue,188.0
Model,2010s,635F52,Trans-Black,601.0
Model,2010s,6C6E68,Dark Bluish Gray,3096.0
Model,2010s,720E0F,Dark Red,81.0
Model,2010s,84B68D,Trans-Green,5.0
Model,2010s,898788,Flat Silver,61.0
Model,2010s,958A73,Dark Tan,545.0
Model,2010s,9CA3A8,Pearl Light Gray,7.0
Model,2010s,A0A5A9,Light Bluish Gray,6496.0
Model,2010s,A0BCAC,Sand Green,36.0
Model,2010s,A5A9B4,Metallic Silver,44.0
Model,2010s,A95500,Dark Orange,3.0
Model,2010s,AA7F2E,Pearl Gold,147.0
Model,2010s,AEEFEC,Trans-Light Blue,8.0
Model,2010s,BBE90B,Lime,87.0
Model,2010s,C91A09,Red,2210.0
Model,2010s,C91A09,Trans-Red,86.0
Model,2010s,CC702A,Medium Dark Flesh,7.0
Model,2010s,D9E4A7,Trans-Bright Green,3.0
Model,2010s,E4CD9E,Tan,2784.0
Model,2010s,F08F1C,Trans-Orange,107.0
Model,2010s,F2CD37,Yellow,2354.0
Model,2010s,F5CD2F,Trans-Yellow,30.0
Model,2010s,F8BB3D,Bright Light Orange,9.0
Model,2010s,F8F184,Trans-Neon Green,3.0
Model,2010s,FCFCFC,Trans-Clear,355.0
Model,2010s,FE8A18,Orange,141.0
Model,2010s,FF800D,Trans-Neon Orange,13.0
Model,2010s,FFFFFF,White,1651.0
Pirates,1980s,0055BF,Blue,57.0
Pirates,1980s,05131D,Black,1030.0
Pirates,1980s,05131D,[No Color],1.0
Pirates,1980s,237841,Green,40.0
Pirates,1980s,583927,Brown,192.0
Pirates,1980s,6D6E5C,Dark Gray,65.0
Pirates,1980s,9BA19D,Light Gray,164.0
Pirates,1980s,BBA53D,Chrome Gold,64.0
Pirates,1980s,C91A09,Red,63.0
Pirates,1980s,F2CD37,Yellow,330.0
Pirates,1980s,F5CD2F,Trans-Yellow,23.0
Pirates,1980s,FCFCFC,Trans-Clear,1.0
Pirates,1980s,FFFFFF,White,335.0
Pirates,1990s,0020A0,Trans-Dark Blue,4.0
Pirates,1990s,0055BF,Blue,167.0
Pirates,1990s,05131D,Black,2169.0
Pirates,1990s,05131D,[No Color],4.0
Pirates,1990s,237841,Green,237.0
Pirates,1990s,583927,Brown,505.0
Pirates,1990s,6D6E5C,Dark Gray,179.0
Pirates,1990s,84B68D,Trans-Green,3.0
Pirates,1990s,9BA19D,Light Gray,1086.0
Pirates,1990s,BBA53D,Chrome Gold,162.0
Pirates,1990s,C91A09,Red,488.0
Pirates,1990s,C91A09,Trans-Red,14.0
Pirates,1990s,E0E0E0,Chrome Silver,3.0
Pirates,1990s,F2CD37,Yellow,521.0
Pirates,1990s,F5CD2F,Trans-Yellow,28.0
Pirates,1990s,FCFCFC,Trans-Clear,7.0
Pirates,1990s,FF800D,Trans-Neon Orange,10.0
Pirates,1990s,FFFFFF,White,719.0
Pirates,2000s,0020A0,Trans-Dark Blue,1.0
Pirates,2000s,0055BF,Blue,105.0
Pirates,2000s,05131D,Black,858.0
Pirates,2000s,05131D,[No Color],2.0
Pirates,2000s,0A3463,Dark Blue,8.0
Pirates,2000s,184632,Dark Green,34.0
Pirates,2000s,237841,Green,84.0
Pirates,2000s,352100,Dark Brown,42.0
Pirates,2000s,575857,Pearl Dark Gray,7.0
Pirates,2000s,582A12,Reddish Brown,315.0
Pirates,2000s,583927,Brown,61.0
Pirates,2000s,6C6E68,Dark Bluish Gray,139.0
Pirates,2000s,6D6E5C,Dark Gray,36.0
Pirates,2000s,720E0F,Dark Red,51.0
Pirates,2000s,84B68D,Trans-Green,4.0
Pirates,2000s,958A73,Dark Tan,13.0
Pirates,2000s,9BA19D,Light Gray,197.0
Pirates,2000s,9CA3A8,Pearl Light Gray,4.0
Pirates,2000s,A0A5A9,Light Bluish Gray,139.0
Pirates,2000s,AA7F2E,Pearl Gold,100.0
Pirates,2000s,AEEFEC,Trans-Light Blue,2.0
Pirates,2000s,BBA53D,Chrome Gold,44.0
Pirates,2000s,C91A09,Red,177.0
Pirates,2000s,C91A09,Trans-Red,6.0
Pirates,2000s,DF6695,Trans-Dark Pink,2.0
Pirates,2000s,E0E0E0,Chrome Silver,1.0
Pirates,2000s,E4CD9E,Tan,137.0
Pirates,2000s,F08F1C,Trans-Orange,1.0
Pirates,2000s,F2CD37,Yellow,125.0
Pirates,2000s,F5CD2F,Trans-Yellow,13.0
Pirates,2000s,F8BB3D,Bright Light Orange,1.0
Pirates,2000s,F8F184,Trans-Neon Green,1.0
Pirates,2000s,FCFCFC,Trans-Clear,2.0
Pirates,2000s,FF800D,Trans-Neon Orange,8.0
Pirates,2000s,FFFFFF,White,411.0
Pirates,2010s,0020A0,Trans-Dark Blue,4.0
Pirates,2010s,0055BF,Blue,136.0
Pirates,2010s,05131D,Black,838.0
Pirates,2010s,05131D,[No Color],1.0
Pirates,2010s,0A3463,Dark Blue,55.0
Pirates,2010s,184632,Dark Green,3.0
Pirates,2010s,237841,Green,9.0
Pirates,2010s,352100,Dark Brown,261.0
Pirates,2010s,575857,Pearl Dark Gray,11.0
Pirates,2010s,582A12,Reddish Brown,593.0
Pirates,2010s,5A93DB,Medium Blue,28.0
Pirates,2010s,635F52,Trans-Black,2.0
Pirates,2010s,6C6E68,Dark Bluish Gray,296.0
Pirates,2010s,720E0F,Dark Red,24.0
Pirates,2010s,84B68D,Trans-Green,10.0
Pirates,2010s,898788,Flat Silver,2.0
Pirates,2010s,958A73,Dark Tan,106.0
Pirates,2010s,9CA3A8,Pearl Light Gray,15.0
Pirates,2010s,A0A5A9,Light Bluish Gray,476.0
Pirates,2010s,A95500,Dark Orange,2.0
Pirates,2010s,AA7F2E,Pearl Gold,178.0
Pirates,2010s,AEEFEC,Trans-Light Blue,2.0
Pirates,2010s,BBA53D,Chrome Gold,9.0
Pirates,2010s,BBE90B,Lime,12.0
Pirates,2010s,C91A09,Red,232.0
Pirates,2010s,C91A09,Trans-Red,6.0
Pirates,2010s,CC702A,Medium Dark Flesh,1.0
Pirates,2010s,E4CD9E,Tan,217.0
Pirates,2010s,F08F1C,Trans-Orange,12.0
Pirates,2010s,F2CD37,Yellow,53.0
Pirates,2010s,F5CD2F,Trans-Yellow,18.0
Pirates,2010s,F8BB3D,Bright Light Orange,1.0
Pirates,2010s,FCFCFC,Trans-Clear,4.0
Pirates,2010s,FE8A18,Orange,4.0
Pirates,2010s,FF800D,Trans-Neon Orange,4.0
Pirates,2010s,FFF03A,Bright Light Yellow,1.0
Pirates,2010s,FFFFFF,White,393.0
Racers,1990s,0020A0,Trans-Dark Blue,2.0
Racers,1990s,05131D,Black,220.0
Racers,1990s,237841,Green,100.0
Racers,1990s,4C61DB,Royal Blue,3.0
Racers,1990s,9BA19D,Light Gray,30.0
Racers,1990s,AEEFEC,Trans-Light Blue,4.0
Racers,1990s,C91A09,Red,84.0
Racers,1990s,E0E0E0,Chrome Silver,32.0
Racers,1990s,F2CD37,Yellow,116.0
Racers,2000s,0020A0,Trans-Dark Blue,53.0
Racers,2000s,0055BF,Blue,1694.0
Racers,2000s,008F9B,Dark Turquoise,4.0
Racers,2000s,05131D,Black,14251.0
Racers,2000s,05131D,[No Color],27.0
Racers,2000s,0A3463,Dark Blue,9.0
Racers,2000s,184632,Dark Green,6.0
Racers,2000s,237841,Green,189.0
Racers,2000s,3F3691,Dark Purple,3.0
Racers,2000s,4354A3,Violet,4.0
Racers,2000s,4B9F4A,Bright Green,12.0
Racers,2000s,4C61DB,Royal Blue,17.0
Racers,2000s,575857,Pearl Dark Gray,138.0
Racers,2000s,582A12,Reddish Brown,8.0
Racers,2000s,583927,Brown,40.0
Racers,2000s,5A93DB,Medium Blue,86.0
Racers,2000s,6074A1,Sand Blue,1.0
Racers,2000s,635F52,Trans-Black,142.0
Racers,2000s,6C6E68,Dark Bluish Gray,1766.0
Racers,2000s,6D6E5C,Dark Gray,456.0
Racers,2000s,720E0F,Dark Red,5.0
Racers,2000s,81007B,Purple,6.0
Racers,2000s,845E84,Sand Purple,2.0
Racers,2000s,84B68D,Trans-Green,40.0
Racers,2000s,898788,Flat Silver,165.0
Racers,2000s,958A73,Dark Tan,18.0
Racers,2000s,9BA19D,Light Gray,1517.0
Racers,2000s,9CA3A8,Pearl Light Gray,122.0
Racers,2000s,A0A5A9,Light Bluish Gray,3843.0
Racers,2000s,A5A9B4,Metallic Silver,257.0
Racers,2000s,AEEFEC,Trans-Light Blue,55.0
Racers,2000s,B4D2E3,Light Blue,5.0
Racers,2000s,BBA53D,Chrome Gold,1.0
Racers,2000s,BBE90B,Lime,395.0
Racers,2000s,BDC6AD,Glow In Dark Trans,41.0
Racers,2000s,C7D23C,Medium Lime,2.0
Racers,2000s,C870A0,Dark Pink,1.0
Racers,2000s,C91A09,Red,6909.0
Racers,2000s,C91A09,Trans-Red,376.0
Racers,2000s,CFE2F7,Trans-Medium Blue,4.0
Racers,2000s,D4D5C9,Glow In Dark Opaque,1.0
Racers,2000s,DBAC34,Metallic Gold,2.0
Racers,2000s,E0E0E0,Chrome Silver,9.0
Racers,2000s,E4CD9E,Tan,332.0
Racers,2000s,F08F1C,Trans-Orange,50.0
Racers,2000s,F2CD37,Yellow,2052.0
Racers,2000s,F5CD2F,Trans-Yellow,83.0
Racers,2000s,F6D7B3,Light Flesh,21.0
Racers,2000s,F8F184,Trans-Neon Green,64.0
Racers,2000s,FCFCFC,Trans-Clear,151.0
Racers,2000s,FE8A18,Orange,405.0
Racers,2000s,FF800D,Trans-Neon Orange,33.0
Racers,2000s,FFA70B,Medium Orange,29.0
Racers,2000s,FFFFFF,White,2475.0
Racers,2010s,0020A0,Trans-Dark Blue,31.0
Racers,2010s,0055BF,Blue,429.0
Racers,2010s,05131D,Black,2053.0
Racers,2010s,05131D,[No Color],18.0
Racers,2010s,0A3463,Dark Blue,80.0
Racers,2010s,184632,Dark Green,2.0
Racers,2010s,237841,Green,59.0
Racers,2010s,352100,Dark Brown,1.0
Racers,2010s,582A12,Reddish Brown,8.0
Racers,2010s,5A93DB,Medium Blue,13.0
Racers,2010s,635F52,Trans-Black,28.0
Racers,2010s,6C6E68,Dark Bluish Gray,577.0
Racers,2010s,720E0F,Dark Red,12.0
Racers,2010s,84B68D,Trans-Green,10.0
Racers,2010s,958A73,Dark Tan,17.0
Racers,2010s,9CA3A8,Pearl Light Gray,49.0
Racers,2010s,A0A5A9,Light Bluish Gray,669.0
Racers,2010s,A5A9B4,Metallic Silver,17.0
Racers,2010s,AA7F2E,Pearl Gold,2.0
Racers,2010s,BBE90B,Lime,240.0
Racers,2010s,C91A09,Red,460.0
Racers,2010s,C91A09,Trans-Red,97.0
Racers,2010s,CFE2F7,Trans-Medium Blue,2.0
Racers,2010s,E4CD9E,Tan,50.0
Racers,2010s,F08F1C,Trans-Orange,32.0
Racers,2010s,F2CD37,Yellow,275.0
Racers,2010s,F5CD2F,Trans-Yellow,41.0
Racers,2010s,F8F184,Trans-Neon Green,2.0
Racers,2010s,FCFCFC,Trans-Clear,34.0
Racers,2010s,FE8A18,Orange,66.0
Racers,2010s,FF800D,Trans-Neon Orange,4.0
Racers,2010s,FFFFFF,White,643.0
Space,1970s,0020A0,Trans-Dark Blue,2.0
Space,1970s,0055BF,Blue,827.0
Space,1970s,05131D,Black,161.0
Space,1970s,84B68D,Trans-Green,36.0
Space,1970s,9BA19D,Light Gray,1025.0
Space,1970s,C91A09,Red,92.0
Space,1970s,C91A09,Trans-Red,67.0
Space,1970s,F2CD37,Yellow,91.0
Space,1970s,F5CD2F,Trans-Yellow,96.0
Space,1970s,FCFCFC,Trans-Clear,10.0
Space,1970s,FFFFFF,White,150.0
Space,1980s,0020A0,Trans-Dark Blue,163.0
Space,1980s,0055BF,Blue,2207.0
Space,1980s,05131D,Black,4163.0
Space,1980s,05131D,[No Color],1.0
Space,1980s,6D6E5C,Dark Gray,2.0
Space,1980s,84B68D,Trans-Green,139.0
Space,1980s,9BA19D,Light Gray,2217.0
Space,1980s,C91A09,Red,137.0
Space,1980s,C91A09,Trans-Red,892.0
Space,1980s,F2CD37,Yellow,615.0
Space,1980s,F5CD2F,Trans-Yellow,184.0
Space,1980s,FCFCFC,Trans-Clear,1.0
Space,1980s,FFFFFF,White,2921.0
Space,1990s,0020A0,Trans-Dark Blue,223.0
Space,1990s,0055BF,Blue,1008.0
Space,1990s,05131D,Black,5837.0
Space,1990s,05131D,[No Color],35.0
Space,1990s,237841,Green,10.0
Space,1990s,6D6E5C,Dark Gray,458.0
Space,1990s,84B68D,Trans-Green,79.0
Space,1990s,9BA19D,Light Gray,1585.0
Space,1990s,C91A09,Red,1110.0
Space,1990s,C91A09,Trans-Red,53.0
Space,1990s,DBAC34,Metallic Gold,1.0
Space,1990s,F2CD37,Yellow,158.0
Space,1990s,F5CD2F,Trans-Yellow,2.0
Space,1990s,F8F184,Trans-Neon Green,1052.0
Space,1990s,FCFCFC,Trans-Clear,27.0
Space,1990s,FF800D,Trans-Neon Orange,190.0
Space,1990s,FFFFFF,White,1603.0
Space,2000s,0020A0,Trans-Dark Blue,233.0
Space,2000s,0055BF,Blue,555.0
Space,2000s,008F9B,Dark Turquoise,77.0
Space,2000s,05131D,Black,2926.0
Space,2000s,05131D,[No Color],5.0
Space,2000s,237841,Green,40.0
Space,2000s,352100,Dark Brown,1.0
Space,2000s,4B9F4A,Bright Green,8.0
Space,2000s,575857,Pearl Dark Gray,1.0
Space,2000s,582A12,Reddish Brown,47.0
Space,2000s,583927,Brown,68.0
Space,2000s,5A93DB,Medium Blue,19.0
Space,2000s,6074A1,Sand Blue,38.0
Space,2000s,635F52,Trans-Black,16.0
Space,2000s,6C6E68,Dark Bluish Gray,913.0
Space,2000s,6C96BF,Chrome Blue,7.0
Space,2000s,6D6E5C,Dark Gray,429.0
Space,2000s,73DCA1,Medium Green,4.0
Space,2000s,81007B,Purple,2.0
Space,2000s,845E84,Sand Purple,51.0
Space,2000s,84B68D,Trans-Green,152.0
Space,2000s,898788,Flat Silver,10.0
Space,2000s,9BA19D,Light Gray,483.0
Space,2000s,9CA3A8,Pearl Light Gray,29.0
Space,2000s,A0A5A9,Light Bluish Gray,998.0
Space,2000s,A0BCAC,Sand Green,17.0
Space,2000s,BBE90B,Lime,146.0
Space,2000s,C91A09,Red,388.0
Space,2000s,C91A09,Trans-Red,197.0
Space,2000s,CFE2F7,Trans-Medium Blue,3.0
Space,2000s,D4D5C9,Glow In Dark Opaque,1.0
Space,2000s,D67572,Sand Red,45.0
Space,2000s,DBAC34,Metallic Gold,49.0
Space,2000s,E4CD9E,Tan,156.0
Space,2000s,F08F1C,Trans-Orange,95.0
Space,2000s,F2CD37,Yellow,184.0
Space,2000s,F5CD2F,Trans-Yellow,7.0
Space,2000s,F8F184,Trans-Neon Green,294.0
Space,2000s,FCFCFC,Trans-Clear,35.0
Space,2000s,FE8A18,Orange,442.0
Space,2000s,FF800D,Trans-Neon Orange,101.0
Space,2000s,FFFFFF,White,2013.0
Space,2010s,0020A0,Trans-Dark Blue,65.0
Space,2010s,0055BF,Blue,526.0
Space,2010s,05131D,Black,1538.0
Space,2010s,05131D,[No Color],17.0
Space,2010s,078BC9,Dark Azure,138.0
Space,2010s,0A3463,Dark Blue,80.0
Space,2010s,184632,Dark Green,59.0
Space,2010s,237841,Green,7.0
Space,2010s,352100,Dark Brown,4.0
Space,2010s,3F3691,Dark Purple,113.0
Space,2010s,4B9F4A,Bright Green,28.0
Space,2010s,575857,Pearl Dark Gray,25.0
Space,2010s,582A12,Reddish Brown,27.0
Space,2010s,6074A1,Sand Blue,1.0
Space,2010s,635F52,Trans-Black,14.0
Space,2010s,6C6E68,Dark Bluish Gray,1191.0
Space,2010s,720E0F,Dark Red,222.0
Space,2010s,84B68D,Trans-Green,50.0
Space,2010s,898788,Flat Silver,31.0
Space,2010s,958A73,Dark Tan,132.0
Space,2010s,9B9A5A,Olive Green,52.0
Space,2010s,9CA3A8,Pearl Light Gray,2.0
Space,2010s,A0A5A9,Light Bluish Gray,1324.0
Space,2010s,A0BCAC,Sand Green,1.0
Space,2010s,A5A5CB,Trans-Purple,20.0
Space,2010s,AA7F2E,Pearl Gold,103.0
Space,2010s,AEEFEC,Trans-Light Blue,91.0
Space,2010s,BBE90B,Lime,404.0
Space,2010s,BDC6AD,Glow In Dark Trans,1.0
Space,2010s,C91A09,Red,213.0
Space,2010s,C91A09,Trans-Red,183.0
Space,2010s,D9E4A7,Trans-Bright Green,18.0
Space,2010s,DF6695,Trans-Dark Pink,57.0
Space,2010s,E4CD9E,Tan,140.0
Space,2010s,F08F1C,Trans-Orange,16.0
Space,2010s,F2CD37,Yellow,229.0
Space,2010s,F5CD2F,Trans-Yellow,54.0
Space,2010s,F8F184,Trans-Neon Green,130.0
Space,2010s,FCFCFC,Trans-Clear,113.0
Space,2010s,FE8A18,Orange,139.0
Space,2010s,FF800D,Trans-Neon Orange,43.0
Space,2010s,FFFFFF,White,942.0
Star Wars,1990s,0020A0,Trans-Dark Blue,1.0
Star Wars,1990s,0055BF,Blue,273.0
Star Wars,1990s,05131D,Black,511.0
Star Wars,1990s,237841,Green,113.0
Star Wars,1990s,4B9F4A,Bright Green,1.0
Star Wars,1990s,583927,Brown,119.0
Star Wars,1990s,635F52,Trans-Black,5.0
Star Wars,1990s,6D6E5C,Dark Gray,540.0
Star Wars,1990s,81007B,Purple,18.0
Star Wars,1990s,84B68D,Trans-Green,2.0
Star Wars,1990s,9BA19D,Light Gray,788.0
Star Wars,1990s,AEEFEC,Trans-Light Blue,4.0
Star Wars,1990s,C91A09,Red,95.0
Star Wars,1990s,C91A09,Trans-Red,13.0
Star Wars,1990s,E0E0E0,Chrome Silver,12.0
Star Wars,1990s,E4CD9E,Tan,220.0
Star Wars,1990s,F2CD37,Yellow,130.0
Star Wars,1990s,F5CD2F,Trans-Yellow,10.0
Star Wars,1990s,F8F184,Trans-Neon Green,11.0
Star Wars,1990s,FCFCFC,Trans-Clear,10.0
Star Wars,1990s,FE8A18,Orange,112.0
Star Wars,1990s,FF800D,Trans-Neon Orange,31.0
Star Wars,1990s,FFA70B,Medium Orange,3.0
Star Wars,1990s,FFFFFF,White,98.0
Star Wars,2000s,000000,Speckle Black-Silver,2.0
Star Wars,2000s,0020A0,Trans-Dark Blue,96.0
Star Wars,2000s,0055BF,Blue,2561.0
Star Wars,2000s,008F9B,Dark Turquoise,2.0
Star Wars,2000s,05131D,Black,10173.0
Star Wars,2000s,05131D,[No Color],35.0
Star Wars,2000s,0A3463,Dark Blue,1329.0
Star Wars,2000s,184632,Dark Green,103.0
Star Wars,2000s,237841,Green,295.0
Star Wars,2000s,352100,Dark Brown,2.0
Star Wars,2000s,3F3691,Dark Purple,1.0
Star Wars,2000s,4354A3,Violet,1.0
Star Wars,2000s,575857,Pearl Dark Gray,46.0
Star Wars,2000s,582A12,Reddish Brown,2478.0
Star Wars,2000s,583927,Brown,595.0
Star Wars,2000s,5A93DB,Medium Blue,13.0
Star Wars,2000s,6074A1,Sand Blue,243.0
Star Wars,2000s,635F52,Trans-Black,197.0
Star Wars,2000s,6C6E68,Dark Bluish Gray,8508.0
Star Wars,2000s,6D6E5C,Dark Gray,2519.0
Star Wars,2000s,720E0F,Dark Red,1181.0
Star Wars,2000s,7988A1,Metal Blue,8.0
Star Wars,2000s,7C503A,Dark Flesh,2.0
Star Wars,2000s,7DBFDD,Sky Blue,2.0
Star Wars,2000s,81007B,Purple,1.0
Star Wars,2000s,845E84,Sand Purple,2.0
Star Wars,2000s,84B68D,Trans-Green,14.0
Star Wars,2000s,898788,Flat Silver,7.0
Star Wars,2000s,958A73,Dark Tan,106.0
Star Wars,2000s,9BA19D,Light Gray,2967.0
Star Wars,2000s,9CA3A8,Pearl Light Gray,40.0
Star Wars,2000s,A0A5A9,Light Bluish Gray,10131.0
Star Wars,2000s,A0BCAC,Sand Green,112.0
Star Wars,2000s,A5A5CB,Trans-Purple,17.0
Star Wars,2000s,A5A9B4,Metallic Silver,45.0
Star Wars,2000s,A95500,Dark Orange,195.0
Star Wars,2000s,AA7F2E,Pearl Gold,14.0
Star Wars,2000s,AE7A59,Copper,14.0
Star Wars,2000s,AEEFEC,Trans-Light Blue,226.0
Star Wars,2000s,B4D2E3,Light Blue,1.0
Star Wars,2000s,BBE90B,Lime,143.0
Star Wars,2000s,C91A09,Red,1883.0
Star Wars,2000s,C91A09,Trans-Red,331.0
Star Wars,2000s,CFE2F7,Trans-Medium Blue,8.0
Star Wars,2000s,D67572,Sand Red,36.0
Star Wars,2000s,DCBC81,Pearl Light Gold,15.0
Star Wars,2000s,DF6695,Trans-Dark Pink,4.0
Star Wars,2000s,E0E0E0,Chrome Silver,54.0
Star Wars,2000s,E4CD9E,Tan,2968.0
Star Wars,2000s,F08F1C,Trans-Orange,66.0
Star Wars,2000s,F2CD37,Yellow,1599.0
Star Wars,2000s,F5CD2F,Trans-Yellow,63.0
Star Wars,2000s,F6D7B3,Light Flesh,109.0
Star Wars,2000s,F8F184,Trans-Neon Green,193.0
Star Wars,2000s,FA9C1C,Earth Orange,4.0
Star Wars,2000s,FCFCFC,Trans-Clear,204.0
Star Wars,2000s,FE8A18,Orange,563.0
Star Wars,2000s,FF800D,Trans-Neon Orange,369.0
Star Wars,2000s,FFA70B,Medium Orange,27.0
Star Wars,2000s,FFFFFF,White,5622.0
Star Wars,2010s,0020A0,Trans-Dark Blue,120.0
Star Wars,2010s,0033B2,Unknown,1.0
Star Wars,2010s,0055BF,Blue,2383.0
Star Wars,2010s,05131D,Black,11570.0
Star Wars,2010s,05131D,[No Color],27.0
Star Wars,2010s,078BC9,Dark Azure,41.0
Star Wars,2010s,0A3463,Dark Blue,626.0
Star Wars,2010s,184632,Dark Green,444.0
Star Wars,2010s,237841,Green,339.0
Star Wars,2010s,352100,Dark Brown,597.0
Star Wars,2010s,36AEBF,Medium Azure,2.0
Star Wars,2010s,3F3691,Dark Purple,1.0
Star Wars,2010s,4B9F4A,Bright Green,14.0
Star Wars,2010s,575857,Pearl Dark Gray,120.0
Star Wars,2010s,582A12,Reddish Brown,3401.0
Star Wars,2010s,5A93DB,Medium Blue,13.0
Star Wars,2010s,6074A1,Sand Blue,115.0
Star Wars,2010s,635F52,Trans-Black,237.0
Star Wars,2010s,6C6E68,Dark Bluish Gray,13622.0
Star Wars,2010s,720E0F,Dark Red,1721.0
Star Wars,2010s,84B68D,Trans-Green,33.0
Star Wars,2010s,898788,Flat Silver,485.0
Star Wars,2010s,958A73,Dark Tan,2020.0
Star Wars,2010s,9B9A5A,Olive Green,89.0
Star Wars,2010s,9CA3A8,Pearl Light Gray,7.0
Star Wars,2010s,A0A5A9,Light Bluish Gray,17415.0
Star Wars,2010s,A0BCAC,Sand Green,74.0
Star Wars,2010s,A5A5CB,Trans-Purple,10.0
Star Wars,2010s,A5A9B4,Metallic Silver,146.0
Star Wars,2010s,A95500,Dark Orange,303.0
Star Wars,2010s,AA7F2E,Pearl Gold,157.0
Star Wars,2010s,AC78BA,Medium Lavender,2.0
Star Wars,2010s,ADC3C0,Light Aqua,4.0
Star Wars,2010s,AEEFEC,Trans-Light Blue,502.0
Star Wars,2010s,B3D7D1,Aqua,3.0
Star Wars,2010s,BBE90B,Lime,136.0
Star Wars,2010s,C91A09,Red,1543.0
Star Wars,2010s,C91A09,Trans-Red,809.0
Star Wars,2010s,CC702A,Medium Dark Flesh,82.0
Star Wars,2010s,CFE2F7,Trans-Medium Blue,22.0
Star Wars,2010s,D09168,Flesh,40.0
Star Wars,2010s,D9E4A7,Trans-Bright Green,148.0
Star Wars,2010s,DF6695,Trans-Dark Pink,41.0
Star Wars,2010s,E0E0E0,Chrome Silver,5.0
Star Wars,2010s,E1D5ED,Lavender,2.0
Star Wars,2010s,E4ADC8,Bright Pink,3.0
Star Wars,2010s,E4CD9E,Tan,3082.0
Star Wars,2010s,F08F1C,Trans-Orange,294.0
Star Wars,2010s,F2CD37,Yellow,991.0
Star Wars,2010s,F5CD2F,Trans-Yellow,155.0
Star Wars,2010s,F6D7B3,Light Flesh,298.0
Star Wars,2010s,F8BB3D,Bright Light Orange,31.0
Star Wars,2010s,F8F184,Trans-Neon Green,62.0
Star Wars,2010s,FCFCFC,Trans-Clear,499.0
Star Wars,2010s,FE8A18,Orange,419.0
Star Wars,2010s,FF800D,Trans-Neon Orange,68.0
Star Wars,2010s,FFFFFF,White,5513.0
Technic,1970s,0055BF,Blue,471.0
Technic,1970s,05131D,Black,1255.0
Technic,1970s,05131D,[No Color],1.0
Technic,1970s,9BA19D,Light Gray,1848.0
Technic,1970s,C91A09,Red,1130.0
Technic,1970s,C91A09,Trans-Red,9.0
Technic,1970s,F2CD37,Yellow,1504.0
Technic,1970s,F5CD2F,Trans-Yellow,2.0
Technic,1970s,FCFCFC,Trans-Clear,22.0
Technic,1970s,FFFFFF,White,29.0
Technic,1980s,0020A0,Trans-Dark Blue,1.0
Technic,1980s,0055BF,Blue,826.0
Technic,1980s,05131D,Black,2464.0
Technic,1980s,05131D,[No Color],51.0
Technic,1980s,237841,Green,3.0
Technic,1980s,4C61DB,Royal Blue,2.0
Technic,1980s,9BA19D,Light Gray,3291.0
Technic,1980s,C91A09,Red,988.0
Technic,1980s,C91A09,Trans-Red,18.0
Technic,1980s,F2CD37,Yellow,731.0
Technic,1980s,F5CD2F,Trans-Yellow,21.0
Technic,1980s,FCFCFC,Trans-Clear,11.0
Technic,1980s,FFFFFF,White,345.0
Technic,1990s,0055BF,Blue,305.0
Technic,1990s,008F9B,Dark Turquoise,408.0
Technic,1990s,05131D,Black,5130.0
Technic,1990s,05131D,[No Color],52.0
Technic,1990s,237841,Green,27.0
Technic,1990s,4C61DB,Royal Blue,5.0
Technic,1990s,5A93DB,Medium Blue,23.0
Technic,1990s,635F52,Trans-Black,2.0
Technic,1990s,6D6E5C,Dark Gray,336.0
Technic,1990s,81007B,Purple,112.0
Technic,1990s,84B68D,Trans-Green,2.0
Technic,1990s,9BA19D,Light Gray,3124.0
Technic,1990s,AEEFEC,Trans-Light Blue,6.0
Technic,1990s,B31004,Rust,5.0
Technic,1990s,C91A09,Red,453.0
Technic,1990s,C91A09,Trans-Red,2.0
Technic,1990s,E4CD9E,Tan,20.0
Technic,1990s,F2CD37,Yellow,595.0
Technic,1990s,F5CD2F,Trans-Yellow,3.0
Technic,1990s,F8F184,Trans-Neon Green,6.0
Technic,1990s,FCFCFC,Trans-Clear,4.0
Technic,1990s,FF800D,Trans-Neon Orange,4.0
Technic,1990s,FFFFFF,White,162.0
Technic,2000s,0055BF,Blue,43.0
Technic,2000s,008F9B,Dark Turquoise,92.0
Technic,2000s,05131D,Black,2720.0
Technic,2000s,05131D,[No Color],14.0
Technic,2000s,237841,Green,26.0
Technic,2000s,4C61DB,Royal Blue,2.0
Technic,2000s,6C6E68,Dark Bluish Gray,6.0
Technic,2000s,6D6E5C,Dark Gray,167.0
Technic,2000s,81007B,Purple,42.0
Technic,2000s,84B68D,Trans-Green,2.0
Technic,2000s,898788,Flat Silver,39.0
Technic,2000s,9BA19D,Light Gray,900.0
Technic,2000s,A0A5A9,Light Bluish Gray,45.0
Technic,2000s,A5A9B4,Metallic Silver,14.0
Technic,2000s,AEEFEC,Trans-Light Blue,24.0
Technic,2000s,BBE90B,Lime,108.0
Technic,2000s,C91A09,Red,142.0
Technic,2000s,C91A09,Trans-Red,14.0
Technic,2000s,D4D5C9,Glow In Dark Opaque,12.0
Technic,2000s,DBAC34,Metallic Gold,2.0
Technic,2000s,E0E0E0,Chrome Silver,8.0
Technic,2000s,E4CD9E,Tan,69.0
Technic,2000s,F2CD37,Yellow,200.0
Technic,2000s,F8F184,Trans-Neon Green,8.0
Technic,2000s,FCFCFC,Trans-Clear,4.0
Technic,2000s,FE8A18,Orange,73.0
Technic,2000s,FF800D,Trans-Neon Orange,9.0
Technic,2000s,FFFFFF,White,116.0
Technic,2010s,0055BF,Blue,1020.0
Technic,2010s,05131D,Black,2911.0
Technic,2010s,05131D,[No Color],7.0
Technic,2010s,6C6E68,Dark Bluish Gray,470.0
Technic,2010s,958A73,Dark Tan,35.0
Technic,2010s,A0A5A9,Light Bluish Gray,1732.0
Technic,2010s,BBE90B,Lime,10.0
Technic,2010s,C91A09,Red,767.0
Technic,2010s,C91A09,Trans-Red,18.0
Technic,2010s,E4CD9E,Tan,128.0
Technic,2010s,F08F1C,Trans-Orange,71.0
Technic,2010s,F2CD37,Yellow,360.0
Technic,2010s,F5CD2F,Trans-Yellow,6.0
Technic,2010s,FCFCFC,Trans-Clear,53.0
Technic,2010s,FE8A18,Orange,83.0
Technic,2010s,FF800D,Trans-Neon Orange,1.0
Technic,2010s,FFFFFF,White,86.0
Town,1980s,237841,Green,6.0
Town,1980s,C91A09,Red,8.0
Town,1980s,F2CD37,Yellow,4.0
Town,1980s,FFFFFF,White,4.0
Town,1990s,0020A0,Trans-Dark Blue,111.0
Town,1990s,0055BF,Blue,461.0
Town,1990s,05131D,Black,2328.0
Town,1990s,05131D,[No Color],28.0
Town,1990s,237841,Green,241.0
Town,1990s,3CB371,Chrome Green,2.0
Town,1990s,583927,Brown,137.0
Town,1990s,6D6E5C,Dark Gray,180.0
Town,1990s,73DCA1,Medium Green,9.0
Town,1990s,84B68D,Trans-Green,92.0
Town,1990s,9BA19D,Light Gray,1826.0
Town,1990s,A95500,Dark Orange,1.0
Town,1990s,AEEFEC,Trans-Light Blue,71.0
Town,1990s,BBA53D,Chrome Gold,58.0
Town,1990s,C2DAB8,Light Green,9.0
Town,1990s,C870A0,Dark Pink,75.0
Town,1990s,C91A09,Red,696.0
Town,1990s,C91A09,Trans-Red,212.0
Town,1990s,E0E0E0,Chrome Silver,21.0
Town,1990s,E4CD9E,Tan,21.0
Town,1990s,F2CD37,Yellow,1098.0
Town,1990s,F5CD2F,Trans-Yellow,139.0
Town,1990s,F8F184,Trans-Neon Green,165.0
Town,1990s,FC97AC,Pink,228.0
Town,1990s,FCFCFC,Trans-Clear,110.0
Town,1990s,FE8A18,Orange,7.0
Town,1990s,FF800D,Trans-Neon Orange,40.0
Town,1990s,FFFFFF,White,2833.0
Town,2000s,0020A0,Trans-Dark Blue,39.0
Town,2000s,0033B2,Unknown,6.0
Town,2000s,0055BF,Blue,343.0
Town,2000s,05131D,Black,889.0
Town,2000s,05131D,[No Color],16.0
Town,2000s,0A3463,Dark Blue,2.0
Town,2000s,184632,Dark Green,133.0
Town,2000s,237841,Green,180.0
Town,2000s,4B9F4A,Bright Green,1.0
Town,2000s,4C61DB,Royal Blue,1.0
Town,2000s,582A12,Reddish Brown,54.0
Town,2000s,583927,Brown,10.0
Town,2000s,5A93DB,Medium Blue,138.0
Town,2000s,635F52,Trans-Black,9.0
Town,2000s,6C6E68,Dark Bluish Gray,125.0
Town,2000s,6D6E5C,Dark Gray,137.0
Town,2000s,720E0F,Dark Red,72.0
Town,2000s,84B68D,Trans-Green,13.0
Town,2000s,958A73,Dark Tan,7.0
Town,2000s,9BA19D,Light Gray,378.0
Town,2000s,A0A5A9,Light Bluish Gray,398.0
Town,2000s,A5A9B4,Metallic Silver,7.0
Town,2000s,A95500,Dark Orange,1.0
Town,2000s,AEEFEC,Trans-Light Blue,13.0
Town,2000s,BBA53D,Chrome Gold,1.0
Town,2000s,C870A0,Dark Pink,4.0
Town,2000s,C91A09,Red,413.0
Town,2000s,C91A09,Trans-Red,31.0
Town,2000s,CFE2F7,Trans-Medium Blue,15.0
Town,2000s,DBAC34,Metallic Gold,3.0
Town,2000s,E0E0E0,Chrome Silver,6.0
Town,2000s,E4CD9E,Tan,81.0
Town,2000s,F2CD37,Yellow,314.0
Town,2000s,F5CD2F,Trans-Yellow,35.0
Town,2000s,F8F184,Trans-Neon Green,109.0
Town,2000s,FCFCFC,Trans-Clear,55.0
Town,2000s,FE8A18,Orange,74.0
Town,2000s,FF800D,Trans-Neon Orange,74.0
Town,2000s,FFFFFF,White,788.0
Town,2010s,0020A0,Trans-Dark Blue,89.0
Town,2010s,0055BF,Blue,535.0
Town,2010s,05131D,Black,2609.0
Town,2010s,05131D,[No Color],12.0
Town,2010s,078BC9,Dark Azure,4.0
Town,2010s,0A3463,Dark Blue,108.0
Town,2010s,184632,Dark Green,6.0
Town,2010s,237841,Green,223.0
Town,2010s,352100,Dark Brown,6.0
Town,2010s,36AEBF,Medium Azure,1.0
Town,2010s,4B9F4A,Bright Green,10.0
Town,2010s,575857,Pearl Dark Gray,7.0
Town,2010s,582A12,Reddish Brown,128.0
Town,2010s,5A93DB,Medium Blue,4.0
Town,2010s,6074A1,Sand Blue,18.0
Town,2010s,635F52,Trans-Black,99.0
Town,2010s,6C6E68,Dark Bluish Gray,1951.0
Town,2010s,720E0F,Dark Red,44.0
Town,2010s,84B68D,Trans-Green,36.0
Town,2010s,898788,Flat Silver,47.0
Town,2010s,958A73,Dark Tan,68.0
Town,2010s,9B9A5A,Olive Green,40.0
Town,2010s,9FC3E9,Bright Light Blue,2.0
Town,2010s,A0A5A9,Light Bluish Gray,2032.0
Town,2010s,A5A9B4,Metallic Silver,2.0
Town,2010s,A95500,Dark Orange,16.0
Town,2010s,AA7F2E,Pearl Gold,31.0
Town,2010s,AC78BA,Medium Lavender,2.0
Town,2010s,ADC3C0,Light Aqua,1.0
Town,2010s,AEEFEC,Trans-Light Blue,123.0
Town,2010s,B3D7D1,Aqua,1.0
Town,2010s,BBE90B,Lime,381.0
Town,2010s,C91A09,Red,832.0
Town,2010s,C91A09,Trans-Red,212.0
Town,2010s,CC702A,Medium Dark Flesh,11.0
Town,2010s,DBAC34,Metallic Gold,25.0
Town,2010s,E4ADC8,Bright Pink,5.0
Town,2010s,E4CD9E,Tan,135.0
Town,2010s,F08F1C,Trans-Orange,297.0
Town,2010s,F2CD37,Yellow,1252.0
Town,2010s,F5CD2F,Trans-Yellow,135.0
Town,2010s,F8BB3D,Bright Light Orange,33.0
Town,2010s,F8F184,Trans-Neon Green,8.0
Town,2010s,FCFCFC,Trans-Clear,176.0
Town,2010s,FE8A18,Orange,151.0
Town,2010s,FF800D,Trans-Neon Orange,6.0
Town,2010s,FFF03A,Bright Light Yellow,2.0
Town,2010s,FFFFFF,White,1193.0
Train,1960s,0055BF,Blue,920.0
Train,1960s,05131D,Black,833.0
Train,1960s,05131D,[No Color],1.0
Train,1960s,9BA19D,Light Gray,397.0
Train,1960s,C91A09,Red,1018.0
Train,1960s,F2CD37,Yellow,262.0
Train,1960s,FCFCFC,Trans-Clear,206.0
Train,1960s,FFFFFF,White,397.0
Train,1970s,0055BF,Blue,731.0
Train,1970s,05131D,Black,1338.0
Train,1970s,05131D,[No Color],3.0
Train,1970s,237841,Green,5.0
Train,1970s,9BA19D,Light Gray,221.0
Train,1970s,C91A09,Red,1068.0
Train,1970s,F2CD37,Yellow,499.0
Train,1970s,FCFCFC,Trans-Clear,114.0
Train,1970s,FFFFFF,Milky White,4.0
Train,1970s,FFFFFF,White,377.0
Train,1980s,0055BF,Blue,475.0
Train,1980s,05131D,Black,3528.0
Train,1980s,05131D,[No Color],9.0
Train,1980s,237841,Green,6.0
Train,1980s,4C61DB,Royal Blue,1.0
Train,1980s,583927,Brown,18.0
Train,1980s,6D6E5C,Dark Gray,429.0
Train,1980s,9BA19D,Light Gray,1764.0
Train,1980s,C91A09,Red,1755.0
Train,1980s,C91A09,Trans-Red,51.0
Train,1980s,F2CD37,Yellow,748.0
Train,1980s,F5CD2F,Trans-Yellow,32.0
Train,1980s,FCFCFC,Trans-Clear,262.0
Train,1980s,FFFFFF,White,384.0
Train,1990s,0020A0,Trans-Dark Blue,16.0
Train,1990s,0055BF,Blue,659.0
Train,1990s,05131D,Black,3433.0
Train,1990s,05131D,[No Color],12.0
Train,1990s,237841,Green,115.0
Train,1990s,583927,Brown,82.0
Train,1990s,5A93DB,Medium Blue,6.0
Train,1990s,6D6E5C,Dark Gray,258.0
Train,1990s,84B68D,Trans-Green,14.0
Train,1990s,9BA19D,Light Gray,1263.0
Train,1990s,AEEFEC,Trans-Light Blue,155.0
Train,1990s,BBA53D,Chrome Gold,12.0
Train,1990s,C91A09,Red,1627.0
Train,1990s,C91A09,Trans-Red,82.0
Train,1990s,E0E0E0,Chrome Silver,23.0
Train,1990s,F2CD37,Yellow,1372.0
Train,1990s,F5CD2F,Trans-Yellow,124.0
Train,1990s,F8F184,Trans-Neon Green,20.0
Train,1990s,FCFCFC,Trans-Clear,138.0
Train,1990s,FFFFFF,White,1185.0
Train,2000s,0020A0,Trans-Dark Blue,9.0
Train,2000s,0055BF,Blue,122.0
Train,2000s,05131D,Black,1526.0
Train,2000s,05131D,[No Color],5.0
Train,2000s,0A3463,Dark Blue,12.0
Train,2000s,184632,Dark Green,249.0
Train,2000s,237841,Green,192.0
Train,2000s,352100,Dark Brown,15.0
Train,2000s,4B9F4A,Bright Green,2.0
Train,2000s,4C61DB,Royal Blue,1.0
Train,2000s,575857,Pearl Dark Gray,4.0
Train,2000s,582A12,Reddish Brown,127.0
Train,2000s,583927,Brown,1.0
Train,2000s,5A93DB,Medium Blue,2.0
Train,2000s,6074A1,Sand Blue,2.0
Train,2000s,635F52,Trans-Black,70.0
Train,2000s,6C6E68,Dark Bluish Gray,435.0
Train,2000s,6D6E5C,Dark Gray,86.0
Train,2000s,720E0F,Dark Red,3.0
Train,2000s,84B68D,Trans-Green,1.0
Train,2000s,923978,Magenta,1.0
Train,2000s,9BA19D,Light Gray,335.0
Train,2000s,A0A5A9,Light Bluish Gray,476.0
Train,2000s,A5A9B4,Metallic Silver,3.0
Train,2000s,A95500,Dark Orange,2.0
Train,2000s,AA7F2E,Pearl Gold,11.0
Train,2000s,AEEFEC,Trans-Light Blue,3.0
Train,2000s,C870A0,Dark Pink,4.0
Train,2000s,C91A09,Red,637.0
Train,2000s,C91A09,Trans-Red,36.0
Train,2000s,E0E0E0,Chrome Silver,54.0
Train,2000s,E4CD9E,Tan,112.0
Train,2000s,F08F1C,Trans-Orange,5.0
Train,2000s,F2CD37,Yellow,461.0
Train,2000s,F5CD2F,Trans-Yellow,28.0
Train,2000s,FCFCFC,Trans-Clear,84.0
Train,2000s,FE8A18,Orange,68.0
Train,2000s,FF800D,Trans-Neon Orange,2.0
Train,2000s,FFFFFF,White,328.0
Train,2010s,0055BF,Blue,108.0
Train,2010s,05131D,Black,1541.0
Train,2010s,05131D,[No Color],6.0
Train,2010s,0A3463,Dark Blue,10.0
Train,2010s,237841,Green,67.0
Train,2010s,352100,Dark Brown,3.0
Train,2010s,3592C3,Maersk Blue,238.0
Train,2010s,3F3691,Dark Purple,1.0
Train,2010s,582A12,Reddish Brown,82.0
Train,2010s,5A93DB,Medium Blue,3.0
Train,2010s,635F52,Trans-Black,42.0
Train,2010s,6C6E68,Dark Bluish Gray,555.0
Train,2010s,720E0F,Dark Red,2.0
Train,2010s,84B68D,Trans-Green,3.0
Train,2010s,958A73,Dark Tan,9.0
Train,2010s,A0A5A9,Light Bluish Gray,847.0
Train,2010s,A5A9B4,Metallic Silver,14.0
Train,2010s,AEEFEC,Trans-Light Blue,1.0
Train,2010s,BBE90B,Lime,6.0
Train,2010s,C91A09,Red,387.0
Train,2010s,C91A09,Trans-Red,35.0
Train,2010s,E0E0E0,Chrome Silver,44.0
Train,2010s,E4CD9E,Tan,26.0
Train,2010s,F08F1C,Trans-Orange,24.0
Train,2010s,F2CD37,Yellow,286.0
Train,2010s,F5CD2F,Trans-Yellow,13.0
Train,2010s,F8F184,Trans-Neon Green,3.0
Train,2010s,FCFCFC,Trans-Clear,92.0
Train,2010s,FE8A18,Orange,197.0
Train,2010s,FFFFFF,White,388.0
Universal Building Set,1960s,0055BF,Blue,93.0
Universal Building Set,1960s,05131D,Black,89.0
Universal Building Set,1960s,237841,Green,11.0
Universal Building Set,1960s,9BA19D,Light Gray,5.0
Universal Building Set,1960s,C91A09,Red,283.0
Universal Building Set,1960s,F2CD37,Yellow,62.0
Universal Building Set,1960s,FCFCFC,Trans-Clear,36.0
Universal Building Set,1960s,FFFFFF,White,167.0
Universal Building Set,1970s,0020A0,Trans-Dark Blue,3.0
Universal Building Set,1970s,0055BF,Blue,1743.0
Universal Building Set,1970s,05131D,Black,1727.0
Universal Building Set,1970s,05131D,[No Color],1.0
Universal Building Set,1970s,237841,Green,77.0
Universal Building Set,1970s,4C61DB,Royal Blue,1.0
Universal Building Set,1970s,583927,Brown,8.0
Universal Building Set,1970s,84B68D,Trans-Green,3.0
Universal Building Set,1970s,9BA19D,Light Gray,165.0
Universal Building Set,1970s,A5A9B4,Metallic Silver,18.0
Universal Building Set,1970s,C91A09,Red,3314.0
Universal Building Set,1970s,C91A09,Trans-Red,3.0
Universal Building Set,1970s,F2CD37,Yellow,1587.0
Universal Building Set,1970s,F5CD2F,Trans-Yellow,2.0
Universal Building Set,1970s,FCFCFC,Trans-Clear,465.0
Universal Building Set,1970s,FFFFFF,Milky White,87.0
Universal Building Set,1970s,FFFFFF,White,2120.0
Universal Building Set,1980s,0020A0,Trans-Dark Blue,17.0
Universal Building Set,1980s,0055BF,Blue,3216.0
Universal Building Set,1980s,05131D,Black,2302.0
Universal Building Set,1980s,05131D,[No Color],36.0
Universal Building Set,1980s,237841,Green,370.0
Universal Building Set,1980s,583927,Brown,16.0
Universal Building Set,1980s,6D6E5C,Dark Gray,3.0
Universal Building Set,1980s,84B68D,Trans-Green,13.0
Universal Building Set,1980s,9BA19D,Light Gray,445.0
Universal Building Set,1980s,C91A09,Red,5645.0
Universal Building Set,1980s,C91A09,Trans-Red,24.0
Universal Building Set,1980s,F2CD37,Yellow,3732.0
Universal Building Set,1980s,F5CD2F,Trans-Yellow,36.0
Universal Building Set,1980s,FCFCFC,Trans-Clear,398.0
Universal Building Set,1980s,FFFFFF,Milky White,5.0
Universal Building Set,1980s,FFFFFF,White,3231.0
Universal Building Set,1990s,0020A0,Trans-Dark Blue,24.0
Universal Building Set,1990s,0055BF,Blue,7027.0
Universal Building Set,1990s,05131D,Black,4194.0
Universal Building Set,1990s,05131D,[No Color],16.0
Universal Building Set,1990s,237841,Green,1299.0
Universal Building Set,1990s,4354A3,Violet,4.0
Universal Building Set,1990s,4B9F4A,Bright Green,10.0
Universal Building Set,1990s,583927,Brown,36.0
Universal Building Set,1990s,6D6E5C,Dark Gray,80.0
Universal Building Set,1990s,84B68D,Trans-Green,29.0
Universal Building Set,1990s,9BA19D,Light Gray,508.0
Universal Building Set,1990s,AEEFEC,Trans-Light Blue,58.0
Universal Building Set,1990s,C2DAB8,Light Green,7.0
Universal Building Set,1990s,C870A0,Dark Pink,5.0
Universal Building Set,1990s,C91A09,Red,8456.0
Universal Building Set,1990s,C91A09,Trans-Red,51.0
Universal Building Set,1990s,E0E0E0,Chrome Silver,2.0
Universal Building Set,1990s,E4CD9E,Tan,7.0
Universal Building Set,1990s,F2CD37,Yellow,6889.0
Universal Building Set,1990s,F5CD2F,Trans-Yellow,64.0
Universal Building Set,1990s,F785B1,Medium Dark Pink,20.0
Universal Building Set,1990s,FC97AC,Pink,37.0
Universal Building Set,1990s,FCFCFC,Trans-Clear,243.0
Universal Building Set,1990s,FF800D,Trans-Neon Orange,5.0
Universal Building Set,1990s,FFFFFF,Milky White,8.0
Universal Building Set,1990s,FFFFFF,White,8051.0
Universal Building Set,2000s,0020A0,Trans-Dark Blue,1.0
Universal Building Set,2000s,0055BF,Blue,321.0
Universal Building Set,2000s,05131D,Black,155.0
Universal Building Set,2000s,237841,Green,126.0
Universal Building Set,2000s,6D6E5C,Dark Gray,19.0
Universal Building Set,2000s,84B68D,Trans-Green,8.0
Universal Building Set,2000s,9BA19D,Light Gray,10.0
Universal Building Set,2000s,AEEFEC,Trans-Light Blue,4.0
Universal Building Set,2000s,C91A09,Red,337.0
Universal Building Set,2000s,C91A09,Trans-Red,4.0
Universal Building Set,2000s,F2CD37,Yellow,331.0
Universal Building Set,2000s,FCFCFC,Trans-Clear,11.0
Universal Building Set,2000s,FFFFFF,White,297.0
